NAMESPACE,TAG,SKIP,TIMESTAMP,PASS,WORKFLOW iD,# of jobs,status,#event/job,#files,success fraction,total # of events,volume (GB),comments,DUNESW,NFILES,SIZE_GB,BATCH,FCL,CONFIG,CAMPAIGN,DATASET
usertests,TEST_hd_atmos_v0,0,,pass1,,,,,,0.0,0,0.0,?,v10_20_03d01,10,12.413,500,standard_cafmaker_atmos_dune10kt_1x2x6_geov5.fcl,standard_cafmaker_atmos_dune10kt_1x2x6_geov5.yaml,fdhd_he_2026a_caf,usertests:fardet-hd-reco-ritm2749296_15220-fnal-w15220s1p1
usertests,TEST_hd_atmos_v3,0,,pass1,,,,,,0.0,0,0.0,?,v10_20_03d01,980,1213.689,500,standard_cafmaker_atmos_dune10kt_1x2x6_geov5.fcl,standard_cafmaker_atmos_dune10kt_1x2x6_geov5.yaml,fdhd_he_2026a_caf,usertests:fardet-hd-reco-ritm2749296_15370-fnal-w15370s1p1
usertests,TEST_hd_atmos_v3,500,,pass1,,,,,,0.0,0,0.0,?,v10_20_03d01,980,1213.689,500,standard_cafmaker_atmos_dune10kt_1x2x6_geov5.fcl,standard_cafmaker_atmos_dune10kt_1x2x6_geov5.yaml,fdhd_he_2026a_caf,usertests:fardet-hd-reco-ritm2749296_15370-fnal-w15370s1p1
usertests,TEST_hd_atmos_v4,0,,pass1,,,,,,0.0,0,0.0,?,v10_20_03d01,980,1213.689,500,standard_cafmaker_atmos_dune10kt_1x2x6_geov5.fcl,standard_cafmaker_atmos_dune10kt_1x2x6_geov5.yaml,fdhd_he_2026a_caf,usertests:fardet-hd-reco-ritm2749296_15370-fnal-w15370s1p1
usertests,TEST_hd_atmos_v4,500,,pass1,,,,,,0.0,0,0.0,?,v10_20_03d01,980,1213.689,500,standard_cafmaker_atmos_dune10kt_1x2x6_geov5.fcl,standard_cafmaker_atmos_dune10kt_1x2x6_geov5.yaml,fdhd_he_2026a_caf,usertests:fardet-hd-reco-ritm2749296_15370-fnal-w15370s1p1
usertests,TEST_hd_atmos_v5,0,,pass1,,,,,,0.0,0,0.0,?,v10_20_03d01,980,1213.689,500,standard_cafmaker_atmos_dune10kt_1x2x6_geov5.fcl,standard_cafmaker_atmos_dune10kt_1x2x6_geov5.yaml,fdhd_he_2026a_caf,usertests:fardet-hd-reco-ritm2749296_15370-fnal-w15370s1p1
usertests,TEST_hd_atmos_v5,500,,pass1,,,,,,0.0,0,0.0,?,v10_20_03d01,980,1213.689,500,standard_cafmaker_atmos_dune10kt_1x2x6_geov5.fcl,standard_cafmaker_atmos_dune10kt_1x2x6_geov5.yaml,fdhd_he_2026a_caf,usertests:fardet-hd-reco-ritm2749296_15370-fnal-w15370s1p1
usertests,TEST_hd_atmos_v6,0,,pass1,,,,,,0.0,0,0.0,?,v10_20_03d01,980,1213.689,5,standard_cafmaker_atmos_dune10kt_1x2x6_geov5.fcl,standard_cafmaker_atmos_dune10kt_1x2x6_geov5.yaml,fdhd_he_2026a_caf,usertests:fardet-hd-reco-ritm2749296_15370-fnal-w15370s1p1
usertests,TEST_hd_atmos_v6,5,,pass1,,,,,,0.0,0,0.0,?,v10_20_03d01,980,1213.689,5,standard_cafmaker_atmos_dune10kt_1x2x6_geov5.fcl,standard_cafmaker_atmos_dune10kt_1x2x6_geov5.yaml,fdhd_he_2026a_caf,usertests:fardet-hd-reco-ritm2749296_15370-fnal-w15370s1p1
usertests,TEST_hd_atmos_v6,10,,pass1,,,,,,0.0,0,0.0,?,v10_20_03d01,980,1213.689,5,standard_cafmaker_atmos_dune10kt_1x2x6_geov5.fcl,standard_cafmaker_atmos_dune10kt_1x2x6_geov5.yaml,fdhd_he_2026a_caf,usertests:fardet-hd-reco-ritm2749296_15370-fnal-w15370s1p1
usertests,TEST_hd_atmos_v6,15,,pass1,,,,,,0.0,0,0.0,?,v10_20_03d01,980,1213.689,5,standard_cafmaker_atmos_dune10kt_1x2x6_geov5.fcl,standard_cafmaker_atmos_dune10kt_1x2x6_geov5.yaml,fdhd_he_2026a_caf,usertests:fardet-hd-reco-ritm2749296_15370-fnal-w15370s1p1
usertests,TEST_hd_atmos_v6,20,,pass1,,,,,,0.0,0,0.0,?,v10_20_03d01,980,1213.689,5,standard_cafmaker_atmos_dune10kt_1x2x6_geov5.fcl,standard_cafmaker_atmos_dune10kt_1x2x6_geov5.yaml,fdhd_he_2026a_caf,usertests:fardet-hd-reco-ritm2749296_15370-fnal-w15370s1p1
usertests,TEST_hd_atmos_v6,25,,pass1,,,,,,0.0,0,0.0,?,v10_20_03d01,980,1213.689,5,standard_cafmaker_atmos_dune10kt_1x2x6_geov5.fcl,standard_cafmaker_atmos_dune10kt_1x2x6_geov5.yaml,fdhd_he_2026a_caf,usertests:fardet-hd-reco-ritm2749296_15370-fnal-w15370s1p1
usertests,TEST_hd_atmos_v6,30,,pass1,,,,,,0.0,0,0.0,?,v10_20_03d01,980,1213.689,5,standard_cafmaker_atmos_dune10kt_1x2x6_geov5.fcl,standard_cafmaker_atmos_dune10kt_1x2x6_geov5.yaml,fdhd_he_2026a_caf,usertests:fardet-hd-reco-ritm2749296_15370-fnal-w15370s1p1
usertests,TEST_hd_atmos_v6,35,,pass1,,,,,,0.0,0,0.0,?,v10_20_03d01,980,1213.689,5,standard_cafmaker_atmos_dune10kt_1x2x6_geov5.fcl,standard_cafmaker_atmos_dune10kt_1x2x6_geov5.yaml,fdhd_he_2026a_caf,usertests:fardet-hd-reco-ritm2749296_15370-fnal-w15370s1p1
usertests,TEST_hd_atmos_v6,40,,pass1,,,,,,0.0,0,0.0,?,v10_20_03d01,980,1213.689,5,standard_cafmaker_atmos_dune10kt_1x2x6_geov5.fcl,standard_cafmaker_atmos_dune10kt_1x2x6_geov5.yaml,fdhd_he_2026a_caf,usertests:fardet-hd-reco-ritm2749296_15370-fnal-w15370s1p1
usertests,TEST_hd_atmos_v6,45,,pass1,,,,,,0.0,0,0.0,?,v10_20_03d01,980,1213.689,5,standard_cafmaker_atmos_dune10kt_1x2x6_geov5.fcl,standard_cafmaker_atmos_dune10kt_1x2x6_geov5.yaml,fdhd_he_2026a_caf,usertests:fardet-hd-reco-ritm2749296_15370-fnal-w15370s1p1
usertests,TEST_hd_atmos_v6,50,,pass1,,,,,,0.0,0,0.0,?,v10_20_03d01,980,1213.689,5,standard_cafmaker_atmos_dune10kt_1x2x6_geov5.fcl,standard_cafmaker_atmos_dune10kt_1x2x6_geov5.yaml,fdhd_he_2026a_caf,usertests:fardet-hd-reco-ritm2749296_15370-fnal-w15370s1p1
usertests,TEST_hd_atmos_v6,55,,pass1,,,,,,0.0,0,0.0,?,v10_20_03d01,980,1213.689,5,standard_cafmaker_atmos_dune10kt_1x2x6_geov5.fcl,standard_cafmaker_atmos_dune10kt_1x2x6_geov5.yaml,fdhd_he_2026a_caf,usertests:fardet-hd-reco-ritm2749296_15370-fnal-w15370s1p1
usertests,TEST_hd_atmos_v6,60,,pass1,,,,,,0.0,0,0.0,?,v10_20_03d01,980,1213.689,5,standard_cafmaker_atmos_dune10kt_1x2x6_geov5.fcl,standard_cafmaker_atmos_dune10kt_1x2x6_geov5.yaml,fdhd_he_2026a_caf,usertests:fardet-hd-reco-ritm2749296_15370-fnal-w15370s1p1
usertests,TEST_hd_atmos_v6,65,,pass1,,,,,,0.0,0,0.0,?,v10_20_03d01,980,1213.689,5,standard_cafmaker_atmos_dune10kt_1x2x6_geov5.fcl,standard_cafmaker_atmos_dune10kt_1x2x6_geov5.yaml,fdhd_he_2026a_caf,usertests:fardet-hd-reco-ritm2749296_15370-fnal-w15370s1p1
usertests,TEST_hd_atmos_v6,70,,pass1,,,,,,0.0,0,0.0,?,v10_20_03d01,980,1213.689,5,standard_cafmaker_atmos_dune10kt_1x2x6_geov5.fcl,standard_cafmaker_atmos_dune10kt_1x2x6_geov5.yaml,fdhd_he_2026a_caf,usertests:fardet-hd-reco-ritm2749296_15370-fnal-w15370s1p1
usertests,TEST_hd_atmos_v6,75,,pass1,,,,,,0.0,0,0.0,?,v10_20_03d01,980,1213.689,5,standard_cafmaker_atmos_dune10kt_1x2x6_geov5.fcl,standard_cafmaker_atmos_dune10kt_1x2x6_geov5.yaml,fdhd_he_2026a_caf,usertests:fardet-hd-reco-ritm2749296_15370-fnal-w15370s1p1
usertests,TEST_hd_atmos_v6,80,,pass1,,,,,,0.0,0,0.0,?,v10_20_03d01,980,1213.689,5,standard_cafmaker_atmos_dune10kt_1x2x6_geov5.fcl,standard_cafmaker_atmos_dune10kt_1x2x6_geov5.yaml,fdhd_he_2026a_caf,usertests:fardet-hd-reco-ritm2749296_15370-fnal-w15370s1p1
usertests,TEST_hd_atmos_v6,85,,pass1,,,,,,0.0,0,0.0,?,v10_20_03d01,980,1213.689,5,standard_cafmaker_atmos_dune10kt_1x2x6_geov5.fcl,standard_cafmaker_atmos_dune10kt_1x2x6_geov5.yaml,fdhd_he_2026a_caf,usertests:fardet-hd-reco-ritm2749296_15370-fnal-w15370s1p1
usertests,TEST_hd_atmos_v6,90,,pass1,,,,,,0.0,0,0.0,?,v10_20_03d01,980,1213.689,5,standard_cafmaker_atmos_dune10kt_1x2x6_geov5.fcl,standard_cafmaker_atmos_dune10kt_1x2x6_geov5.yaml,fdhd_he_2026a_caf,usertests:fardet-hd-reco-ritm2749296_15370-fnal-w15370s1p1
usertests,TEST_hd_atmos_v6,95,,pass1,,,,,,0.0,0,0.0,?,v10_20_03d01,980,1213.689,5,standard_cafmaker_atmos_dune10kt_1x2x6_geov5.fcl,standard_cafmaker_atmos_dune10kt_1x2x6_geov5.yaml,fdhd_he_2026a_caf,usertests:fardet-hd-reco-ritm2749296_15370-fnal-w15370s1p1
usertests,TEST_hd_atmos_v6,100,,pass1,,,,,,0.0,0,0.0,?,v10_20_03d01,980,1213.689,5,standard_cafmaker_atmos_dune10kt_1x2x6_geov5.fcl,standard_cafmaker_atmos_dune10kt_1x2x6_geov5.yaml,fdhd_he_2026a_caf,usertests:fardet-hd-reco-ritm2749296_15370-fnal-w15370s1p1
usertests,TEST_hd_atmos_v6,105,,pass1,,,,,,0.0,0,0.0,?,v10_20_03d01,980,1213.689,5,standard_cafmaker_atmos_dune10kt_1x2x6_geov5.fcl,standard_cafmaker_atmos_dune10kt_1x2x6_geov5.yaml,fdhd_he_2026a_caf,usertests:fardet-hd-reco-ritm2749296_15370-fnal-w15370s1p1
usertests,TEST_hd_atmos_v6,110,,pass1,,,,,,0.0,0,0.0,?,v10_20_03d01,980,1213.689,5,standard_cafmaker_atmos_dune10kt_1x2x6_geov5.fcl,standard_cafmaker_atmos_dune10kt_1x2x6_geov5.yaml,fdhd_he_2026a_caf,usertests:fardet-hd-reco-ritm2749296_15370-fnal-w15370s1p1
usertests,TEST_hd_atmos_v6,115,,pass1,,,,,,0.0,0,0.0,?,v10_20_03d01,980,1213.689,5,standard_cafmaker_atmos_dune10kt_1x2x6_geov5.fcl,standard_cafmaker_atmos_dune10kt_1x2x6_geov5.yaml,fdhd_he_2026a_caf,usertests:fardet-hd-reco-ritm2749296_15370-fnal-w15370s1p1
usertests,TEST_hd_atmos_v6,120,,pass1,,,,,,0.0,0,0.0,?,v10_20_03d01,980,1213.689,5,standard_cafmaker_atmos_dune10kt_1x2x6_geov5.fcl,standard_cafmaker_atmos_dune10kt_1x2x6_geov5.yaml,fdhd_he_2026a_caf,usertests:fardet-hd-reco-ritm2749296_15370-fnal-w15370s1p1
usertests,TEST_hd_atmos_v6,125,,pass1,,,,,,0.0,0,0.0,?,v10_20_03d01,980,1213.689,5,standard_cafmaker_atmos_dune10kt_1x2x6_geov5.fcl,standard_cafmaker_atmos_dune10kt_1x2x6_geov5.yaml,fdhd_he_2026a_caf,usertests:fardet-hd-reco-ritm2749296_15370-fnal-w15370s1p1
usertests,TEST_hd_atmos_v6,130,,pass1,,,,,,0.0,0,0.0,?,v10_20_03d01,980,1213.689,5,standard_cafmaker_atmos_dune10kt_1x2x6_geov5.fcl,standard_cafmaker_atmos_dune10kt_1x2x6_geov5.yaml,fdhd_he_2026a_caf,usertests:fardet-hd-reco-ritm2749296_15370-fnal-w15370s1p1
usertests,TEST_hd_atmos_v6,135,,pass1,,,,,,0.0,0,0.0,?,v10_20_03d01,980,1213.689,5,standard_cafmaker_atmos_dune10kt_1x2x6_geov5.fcl,standard_cafmaker_atmos_dune10kt_1x2x6_geov5.yaml,fdhd_he_2026a_caf,usertests:fardet-hd-reco-ritm2749296_15370-fnal-w15370s1p1
usertests,TEST_hd_atmos_v6,140,,pass1,,,,,,0.0,0,0.0,?,v10_20_03d01,980,1213.689,5,standard_cafmaker_atmos_dune10kt_1x2x6_geov5.fcl,standard_cafmaker_atmos_dune10kt_1x2x6_geov5.yaml,fdhd_he_2026a_caf,usertests:fardet-hd-reco-ritm2749296_15370-fnal-w15370s1p1
usertests,TEST_hd_atmos_v6,145,,pass1,,,,,,0.0,0,0.0,?,v10_20_03d01,980,1213.689,5,standard_cafmaker_atmos_dune10kt_1x2x6_geov5.fcl,standard_cafmaker_atmos_dune10kt_1x2x6_geov5.yaml,fdhd_he_2026a_caf,usertests:fardet-hd-reco-ritm2749296_15370-fnal-w15370s1p1
usertests,TEST_hd_atmos_v6,150,,pass1,,,,,,0.0,0,0.0,?,v10_20_03d01,980,1213.689,5,standard_cafmaker_atmos_dune10kt_1x2x6_geov5.fcl,standard_cafmaker_atmos_dune10kt_1x2x6_geov5.yaml,fdhd_he_2026a_caf,usertests:fardet-hd-reco-ritm2749296_15370-fnal-w15370s1p1
usertests,TEST_hd_atmos_v6,155,,pass1,,,,,,0.0,0,0.0,?,v10_20_03d01,980,1213.689,5,standard_cafmaker_atmos_dune10kt_1x2x6_geov5.fcl,standard_cafmaker_atmos_dune10kt_1x2x6_geov5.yaml,fdhd_he_2026a_caf,usertests:fardet-hd-reco-ritm2749296_15370-fnal-w15370s1p1
usertests,TEST_hd_atmos_v6,160,,pass1,,,,,,0.0,0,0.0,?,v10_20_03d01,980,1213.689,5,standard_cafmaker_atmos_dune10kt_1x2x6_geov5.fcl,standard_cafmaker_atmos_dune10kt_1x2x6_geov5.yaml,fdhd_he_2026a_caf,usertests:fardet-hd-reco-ritm2749296_15370-fnal-w15370s1p1
usertests,TEST_hd_atmos_v6,165,,pass1,,,,,,0.0,0,0.0,?,v10_20_03d01,980,1213.689,5,standard_cafmaker_atmos_dune10kt_1x2x6_geov5.fcl,standard_cafmaker_atmos_dune10kt_1x2x6_geov5.yaml,fdhd_he_2026a_caf,usertests:fardet-hd-reco-ritm2749296_15370-fnal-w15370s1p1
usertests,TEST_hd_atmos_v6,170,,pass1,,,,,,0.0,0,0.0,?,v10_20_03d01,980,1213.689,5,standard_cafmaker_atmos_dune10kt_1x2x6_geov5.fcl,standard_cafmaker_atmos_dune10kt_1x2x6_geov5.yaml,fdhd_he_2026a_caf,usertests:fardet-hd-reco-ritm2749296_15370-fnal-w15370s1p1
usertests,TEST_hd_atmos_v6,175,,pass1,,,,,,0.0,0,0.0,?,v10_20_03d01,980,1213.689,5,standard_cafmaker_atmos_dune10kt_1x2x6_geov5.fcl,standard_cafmaker_atmos_dune10kt_1x2x6_geov5.yaml,fdhd_he_2026a_caf,usertests:fardet-hd-reco-ritm2749296_15370-fnal-w15370s1p1
usertests,TEST_hd_atmos_v6,180,,pass1,,,,,,0.0,0,0.0,?,v10_20_03d01,980,1213.689,5,standard_cafmaker_atmos_dune10kt_1x2x6_geov5.fcl,standard_cafmaker_atmos_dune10kt_1x2x6_geov5.yaml,fdhd_he_2026a_caf,usertests:fardet-hd-reco-ritm2749296_15370-fnal-w15370s1p1
usertests,TEST_hd_atmos_v6,185,,pass1,,,,,,0.0,0,0.0,?,v10_20_03d01,980,1213.689,5,standard_cafmaker_atmos_dune10kt_1x2x6_geov5.fcl,standard_cafmaker_atmos_dune10kt_1x2x6_geov5.yaml,fdhd_he_2026a_caf,usertests:fardet-hd-reco-ritm2749296_15370-fnal-w15370s1p1
usertests,TEST_hd_atmos_v6,190,,pass1,,,,,,0.0,0,0.0,?,v10_20_03d01,980,1213.689,5,standard_cafmaker_atmos_dune10kt_1x2x6_geov5.fcl,standard_cafmaker_atmos_dune10kt_1x2x6_geov5.yaml,fdhd_he_2026a_caf,usertests:fardet-hd-reco-ritm2749296_15370-fnal-w15370s1p1
usertests,TEST_hd_atmos_v6,195,,pass1,,,,,,0.0,0,0.0,?,v10_20_03d01,980,1213.689,5,standard_cafmaker_atmos_dune10kt_1x2x6_geov5.fcl,standard_cafmaker_atmos_dune10kt_1x2x6_geov5.yaml,fdhd_he_2026a_caf,usertests:fardet-hd-reco-ritm2749296_15370-fnal-w15370s1p1
usertests,TEST_hd_atmos_v6,200,,pass1,,,,,,0.0,0,0.0,?,v10_20_03d01,980,1213.689,5,standard_cafmaker_atmos_dune10kt_1x2x6_geov5.fcl,standard_cafmaker_atmos_dune10kt_1x2x6_geov5.yaml,fdhd_he_2026a_caf,usertests:fardet-hd-reco-ritm2749296_15370-fnal-w15370s1p1
usertests,TEST_hd_atmos_v6,205,,pass1,,,,,,0.0,0,0.0,?,v10_20_03d01,980,1213.689,5,standard_cafmaker_atmos_dune10kt_1x2x6_geov5.fcl,standard_cafmaker_atmos_dune10kt_1x2x6_geov5.yaml,fdhd_he_2026a_caf,usertests:fardet-hd-reco-ritm2749296_15370-fnal-w15370s1p1
usertests,TEST_hd_atmos_v6,210,,pass1,,,,,,0.0,0,0.0,?,v10_20_03d01,980,1213.689,5,standard_cafmaker_atmos_dune10kt_1x2x6_geov5.fcl,standard_cafmaker_atmos_dune10kt_1x2x6_geov5.yaml,fdhd_he_2026a_caf,usertests:fardet-hd-reco-ritm2749296_15370-fnal-w15370s1p1
usertests,TEST_hd_atmos_v6,215,,pass1,,,,,,0.0,0,0.0,?,v10_20_03d01,980,1213.689,5,standard_cafmaker_atmos_dune10kt_1x2x6_geov5.fcl,standard_cafmaker_atmos_dune10kt_1x2x6_geov5.yaml,fdhd_he_2026a_caf,usertests:fardet-hd-reco-ritm2749296_15370-fnal-w15370s1p1
usertests,TEST_hd_atmos_v6,220,,pass1,,,,,,0.0,0,0.0,?,v10_20_03d01,980,1213.689,5,standard_cafmaker_atmos_dune10kt_1x2x6_geov5.fcl,standard_cafmaker_atmos_dune10kt_1x2x6_geov5.yaml,fdhd_he_2026a_caf,usertests:fardet-hd-reco-ritm2749296_15370-fnal-w15370s1p1
usertests,TEST_hd_atmos_v6,225,,pass1,,,,,,0.0,0,0.0,?,v10_20_03d01,980,1213.689,5,standard_cafmaker_atmos_dune10kt_1x2x6_geov5.fcl,standard_cafmaker_atmos_dune10kt_1x2x6_geov5.yaml,fdhd_he_2026a_caf,usertests:fardet-hd-reco-ritm2749296_15370-fnal-w15370s1p1
usertests,TEST_hd_atmos_v6,230,,pass1,,,,,,0.0,0,0.0,?,v10_20_03d01,980,1213.689,5,standard_cafmaker_atmos_dune10kt_1x2x6_geov5.fcl,standard_cafmaker_atmos_dune10kt_1x2x6_geov5.yaml,fdhd_he_2026a_caf,usertests:fardet-hd-reco-ritm2749296_15370-fnal-w15370s1p1
usertests,TEST_hd_atmos_v6,235,,pass1,,,,,,0.0,0,0.0,?,v10_20_03d01,980,1213.689,5,standard_cafmaker_atmos_dune10kt_1x2x6_geov5.fcl,standard_cafmaker_atmos_dune10kt_1x2x6_geov5.yaml,fdhd_he_2026a_caf,usertests:fardet-hd-reco-ritm2749296_15370-fnal-w15370s1p1
usertests,TEST_hd_atmos_v6,240,,pass1,,,,,,0.0,0,0.0,?,v10_20_03d01,980,1213.689,5,standard_cafmaker_atmos_dune10kt_1x2x6_geov5.fcl,standard_cafmaker_atmos_dune10kt_1x2x6_geov5.yaml,fdhd_he_2026a_caf,usertests:fardet-hd-reco-ritm2749296_15370-fnal-w15370s1p1
usertests,TEST_hd_atmos_v6,245,,pass1,,,,,,0.0,0,0.0,?,v10_20_03d01,980,1213.689,5,standard_cafmaker_atmos_dune10kt_1x2x6_geov5.fcl,standard_cafmaker_atmos_dune10kt_1x2x6_geov5.yaml,fdhd_he_2026a_caf,usertests:fardet-hd-reco-ritm2749296_15370-fnal-w15370s1p1
usertests,TEST_hd_atmos_v6,250,,pass1,,,,,,0.0,0,0.0,?,v10_20_03d01,980,1213.689,5,standard_cafmaker_atmos_dune10kt_1x2x6_geov5.fcl,standard_cafmaker_atmos_dune10kt_1x2x6_geov5.yaml,fdhd_he_2026a_caf,usertests:fardet-hd-reco-ritm2749296_15370-fnal-w15370s1p1
usertests,TEST_hd_atmos_v6,255,,pass1,,,,,,0.0,0,0.0,?,v10_20_03d01,980,1213.689,5,standard_cafmaker_atmos_dune10kt_1x2x6_geov5.fcl,standard_cafmaker_atmos_dune10kt_1x2x6_geov5.yaml,fdhd_he_2026a_caf,usertests:fardet-hd-reco-ritm2749296_15370-fnal-w15370s1p1
usertests,TEST_hd_atmos_v6,260,,pass1,,,,,,0.0,0,0.0,?,v10_20_03d01,980,1213.689,5,standard_cafmaker_atmos_dune10kt_1x2x6_geov5.fcl,standard_cafmaker_atmos_dune10kt_1x2x6_geov5.yaml,fdhd_he_2026a_caf,usertests:fardet-hd-reco-ritm2749296_15370-fnal-w15370s1p1
usertests,TEST_hd_atmos_v6,265,,pass1,,,,,,0.0,0,0.0,?,v10_20_03d01,980,1213.689,5,standard_cafmaker_atmos_dune10kt_1x2x6_geov5.fcl,standard_cafmaker_atmos_dune10kt_1x2x6_geov5.yaml,fdhd_he_2026a_caf,usertests:fardet-hd-reco-ritm2749296_15370-fnal-w15370s1p1
usertests,TEST_hd_atmos_v6,270,,pass1,,,,,,0.0,0,0.0,?,v10_20_03d01,980,1213.689,5,standard_cafmaker_atmos_dune10kt_1x2x6_geov5.fcl,standard_cafmaker_atmos_dune10kt_1x2x6_geov5.yaml,fdhd_he_2026a_caf,usertests:fardet-hd-reco-ritm2749296_15370-fnal-w15370s1p1
usertests,TEST_hd_atmos_v6,275,,pass1,,,,,,0.0,0,0.0,?,v10_20_03d01,980,1213.689,5,standard_cafmaker_atmos_dune10kt_1x2x6_geov5.fcl,standard_cafmaker_atmos_dune10kt_1x2x6_geov5.yaml,fdhd_he_2026a_caf,usertests:fardet-hd-reco-ritm2749296_15370-fnal-w15370s1p1
usertests,TEST_hd_atmos_v6,280,,pass1,,,,,,0.0,0,0.0,?,v10_20_03d01,980,1213.689,5,standard_cafmaker_atmos_dune10kt_1x2x6_geov5.fcl,standard_cafmaker_atmos_dune10kt_1x2x6_geov5.yaml,fdhd_he_2026a_caf,usertests:fardet-hd-reco-ritm2749296_15370-fnal-w15370s1p1
usertests,TEST_hd_atmos_v6,285,,pass1,,,,,,0.0,0,0.0,?,v10_20_03d01,980,1213.689,5,standard_cafmaker_atmos_dune10kt_1x2x6_geov5.fcl,standard_cafmaker_atmos_dune10kt_1x2x6_geov5.yaml,fdhd_he_2026a_caf,usertests:fardet-hd-reco-ritm2749296_15370-fnal-w15370s1p1
usertests,TEST_hd_atmos_v6,290,,pass1,,,,,,0.0,0,0.0,?,v10_20_03d01,980,1213.689,5,standard_cafmaker_atmos_dune10kt_1x2x6_geov5.fcl,standard_cafmaker_atmos_dune10kt_1x2x6_geov5.yaml,fdhd_he_2026a_caf,usertests:fardet-hd-reco-ritm2749296_15370-fnal-w15370s1p1
usertests,TEST_hd_atmos_v6,295,,pass1,,,,,,0.0,0,0.0,?,v10_20_03d01,980,1213.689,5,standard_cafmaker_atmos_dune10kt_1x2x6_geov5.fcl,standard_cafmaker_atmos_dune10kt_1x2x6_geov5.yaml,fdhd_he_2026a_caf,usertests:fardet-hd-reco-ritm2749296_15370-fnal-w15370s1p1
usertests,TEST_hd_atmos_v6,300,,pass1,,,,,,0.0,0,0.0,?,v10_20_03d01,980,1213.689,5,standard_cafmaker_atmos_dune10kt_1x2x6_geov5.fcl,standard_cafmaker_atmos_dune10kt_1x2x6_geov5.yaml,fdhd_he_2026a_caf,usertests:fardet-hd-reco-ritm2749296_15370-fnal-w15370s1p1
usertests,TEST_hd_atmos_v6,305,,pass1,,,,,,0.0,0,0.0,?,v10_20_03d01,980,1213.689,5,standard_cafmaker_atmos_dune10kt_1x2x6_geov5.fcl,standard_cafmaker_atmos_dune10kt_1x2x6_geov5.yaml,fdhd_he_2026a_caf,usertests:fardet-hd-reco-ritm2749296_15370-fnal-w15370s1p1
usertests,TEST_hd_atmos_v6,310,,pass1,,,,,,0.0,0,0.0,?,v10_20_03d01,980,1213.689,5,standard_cafmaker_atmos_dune10kt_1x2x6_geov5.fcl,standard_cafmaker_atmos_dune10kt_1x2x6_geov5.yaml,fdhd_he_2026a_caf,usertests:fardet-hd-reco-ritm2749296_15370-fnal-w15370s1p1
usertests,TEST_hd_atmos_v6,315,,pass1,,,,,,0.0,0,0.0,?,v10_20_03d01,980,1213.689,5,standard_cafmaker_atmos_dune10kt_1x2x6_geov5.fcl,standard_cafmaker_atmos_dune10kt_1x2x6_geov5.yaml,fdhd_he_2026a_caf,usertests:fardet-hd-reco-ritm2749296_15370-fnal-w15370s1p1
usertests,TEST_hd_atmos_v6,320,,pass1,,,,,,0.0,0,0.0,?,v10_20_03d01,980,1213.689,5,standard_cafmaker_atmos_dune10kt_1x2x6_geov5.fcl,standard_cafmaker_atmos_dune10kt_1x2x6_geov5.yaml,fdhd_he_2026a_caf,usertests:fardet-hd-reco-ritm2749296_15370-fnal-w15370s1p1
usertests,TEST_hd_atmos_v6,325,,pass1,,,,,,0.0,0,0.0,?,v10_20_03d01,980,1213.689,5,standard_cafmaker_atmos_dune10kt_1x2x6_geov5.fcl,standard_cafmaker_atmos_dune10kt_1x2x6_geov5.yaml,fdhd_he_2026a_caf,usertests:fardet-hd-reco-ritm2749296_15370-fnal-w15370s1p1
usertests,TEST_hd_atmos_v6,330,,pass1,,,,,,0.0,0,0.0,?,v10_20_03d01,980,1213.689,5,standard_cafmaker_atmos_dune10kt_1x2x6_geov5.fcl,standard_cafmaker_atmos_dune10kt_1x2x6_geov5.yaml,fdhd_he_2026a_caf,usertests:fardet-hd-reco-ritm2749296_15370-fnal-w15370s1p1
usertests,TEST_hd_atmos_v6,335,,pass1,,,,,,0.0,0,0.0,?,v10_20_03d01,980,1213.689,5,standard_cafmaker_atmos_dune10kt_1x2x6_geov5.fcl,standard_cafmaker_atmos_dune10kt_1x2x6_geov5.yaml,fdhd_he_2026a_caf,usertests:fardet-hd-reco-ritm2749296_15370-fnal-w15370s1p1
usertests,TEST_hd_atmos_v6,340,,pass1,,,,,,0.0,0,0.0,?,v10_20_03d01,980,1213.689,5,standard_cafmaker_atmos_dune10kt_1x2x6_geov5.fcl,standard_cafmaker_atmos_dune10kt_1x2x6_geov5.yaml,fdhd_he_2026a_caf,usertests:fardet-hd-reco-ritm2749296_15370-fnal-w15370s1p1
usertests,TEST_hd_atmos_v6,345,,pass1,,,,,,0.0,0,0.0,?,v10_20_03d01,980,1213.689,5,standard_cafmaker_atmos_dune10kt_1x2x6_geov5.fcl,standard_cafmaker_atmos_dune10kt_1x2x6_geov5.yaml,fdhd_he_2026a_caf,usertests:fardet-hd-reco-ritm2749296_15370-fnal-w15370s1p1
usertests,TEST_hd_atmos_v6,350,,pass1,,,,,,0.0,0,0.0,?,v10_20_03d01,980,1213.689,5,standard_cafmaker_atmos_dune10kt_1x2x6_geov5.fcl,standard_cafmaker_atmos_dune10kt_1x2x6_geov5.yaml,fdhd_he_2026a_caf,usertests:fardet-hd-reco-ritm2749296_15370-fnal-w15370s1p1
usertests,TEST_hd_atmos_v6,355,,pass1,,,,,,0.0,0,0.0,?,v10_20_03d01,980,1213.689,5,standard_cafmaker_atmos_dune10kt_1x2x6_geov5.fcl,standard_cafmaker_atmos_dune10kt_1x2x6_geov5.yaml,fdhd_he_2026a_caf,usertests:fardet-hd-reco-ritm2749296_15370-fnal-w15370s1p1
usertests,TEST_hd_atmos_v6,360,,pass1,,,,,,0.0,0,0.0,?,v10_20_03d01,980,1213.689,5,standard_cafmaker_atmos_dune10kt_1x2x6_geov5.fcl,standard_cafmaker_atmos_dune10kt_1x2x6_geov5.yaml,fdhd_he_2026a_caf,usertests:fardet-hd-reco-ritm2749296_15370-fnal-w15370s1p1
usertests,TEST_hd_atmos_v6,365,,pass1,,,,,,0.0,0,0.0,?,v10_20_03d01,980,1213.689,5,standard_cafmaker_atmos_dune10kt_1x2x6_geov5.fcl,standard_cafmaker_atmos_dune10kt_1x2x6_geov5.yaml,fdhd_he_2026a_caf,usertests:fardet-hd-reco-ritm2749296_15370-fnal-w15370s1p1
usertests,TEST_hd_atmos_v6,370,,pass1,,,,,,0.0,0,0.0,?,v10_20_03d01,980,1213.689,5,standard_cafmaker_atmos_dune10kt_1x2x6_geov5.fcl,standard_cafmaker_atmos_dune10kt_1x2x6_geov5.yaml,fdhd_he_2026a_caf,usertests:fardet-hd-reco-ritm2749296_15370-fnal-w15370s1p1
usertests,TEST_hd_atmos_v6,375,,pass1,,,,,,0.0,0,0.0,?,v10_20_03d01,980,1213.689,5,standard_cafmaker_atmos_dune10kt_1x2x6_geov5.fcl,standard_cafmaker_atmos_dune10kt_1x2x6_geov5.yaml,fdhd_he_2026a_caf,usertests:fardet-hd-reco-ritm2749296_15370-fnal-w15370s1p1
usertests,TEST_hd_atmos_v6,380,,pass1,,,,,,0.0,0,0.0,?,v10_20_03d01,980,1213.689,5,standard_cafmaker_atmos_dune10kt_1x2x6_geov5.fcl,standard_cafmaker_atmos_dune10kt_1x2x6_geov5.yaml,fdhd_he_2026a_caf,usertests:fardet-hd-reco-ritm2749296_15370-fnal-w15370s1p1
usertests,TEST_hd_atmos_v6,385,,pass1,,,,,,0.0,0,0.0,?,v10_20_03d01,980,1213.689,5,standard_cafmaker_atmos_dune10kt_1x2x6_geov5.fcl,standard_cafmaker_atmos_dune10kt_1x2x6_geov5.yaml,fdhd_he_2026a_caf,usertests:fardet-hd-reco-ritm2749296_15370-fnal-w15370s1p1
usertests,TEST_hd_atmos_v6,390,,pass1,,,,,,0.0,0,0.0,?,v10_20_03d01,980,1213.689,5,standard_cafmaker_atmos_dune10kt_1x2x6_geov5.fcl,standard_cafmaker_atmos_dune10kt_1x2x6_geov5.yaml,fdhd_he_2026a_caf,usertests:fardet-hd-reco-ritm2749296_15370-fnal-w15370s1p1
usertests,TEST_hd_atmos_v6,395,,pass1,,,,,,0.0,0,0.0,?,v10_20_03d01,980,1213.689,5,standard_cafmaker_atmos_dune10kt_1x2x6_geov5.fcl,standard_cafmaker_atmos_dune10kt_1x2x6_geov5.yaml,fdhd_he_2026a_caf,usertests:fardet-hd-reco-ritm2749296_15370-fnal-w15370s1p1
usertests,TEST_hd_atmos_v6,400,,pass1,,,,,,0.0,0,0.0,?,v10_20_03d01,980,1213.689,5,standard_cafmaker_atmos_dune10kt_1x2x6_geov5.fcl,standard_cafmaker_atmos_dune10kt_1x2x6_geov5.yaml,fdhd_he_2026a_caf,usertests:fardet-hd-reco-ritm2749296_15370-fnal-w15370s1p1
usertests,TEST_hd_atmos_v6,405,,pass1,,,,,,0.0,0,0.0,?,v10_20_03d01,980,1213.689,5,standard_cafmaker_atmos_dune10kt_1x2x6_geov5.fcl,standard_cafmaker_atmos_dune10kt_1x2x6_geov5.yaml,fdhd_he_2026a_caf,usertests:fardet-hd-reco-ritm2749296_15370-fnal-w15370s1p1
usertests,TEST_hd_atmos_v6,410,,pass1,,,,,,0.0,0,0.0,?,v10_20_03d01,980,1213.689,5,standard_cafmaker_atmos_dune10kt_1x2x6_geov5.fcl,standard_cafmaker_atmos_dune10kt_1x2x6_geov5.yaml,fdhd_he_2026a_caf,usertests:fardet-hd-reco-ritm2749296_15370-fnal-w15370s1p1
usertests,TEST_hd_atmos_v6,415,,pass1,,,,,,0.0,0,0.0,?,v10_20_03d01,980,1213.689,5,standard_cafmaker_atmos_dune10kt_1x2x6_geov5.fcl,standard_cafmaker_atmos_dune10kt_1x2x6_geov5.yaml,fdhd_he_2026a_caf,usertests:fardet-hd-reco-ritm2749296_15370-fnal-w15370s1p1
usertests,TEST_hd_atmos_v6,420,,pass1,,,,,,0.0,0,0.0,?,v10_20_03d01,980,1213.689,5,standard_cafmaker_atmos_dune10kt_1x2x6_geov5.fcl,standard_cafmaker_atmos_dune10kt_1x2x6_geov5.yaml,fdhd_he_2026a_caf,usertests:fardet-hd-reco-ritm2749296_15370-fnal-w15370s1p1
usertests,TEST_hd_atmos_v6,425,,pass1,,,,,,0.0,0,0.0,?,v10_20_03d01,980,1213.689,5,standard_cafmaker_atmos_dune10kt_1x2x6_geov5.fcl,standard_cafmaker_atmos_dune10kt_1x2x6_geov5.yaml,fdhd_he_2026a_caf,usertests:fardet-hd-reco-ritm2749296_15370-fnal-w15370s1p1
usertests,TEST_hd_atmos_v6,430,,pass1,,,,,,0.0,0,0.0,?,v10_20_03d01,980,1213.689,5,standard_cafmaker_atmos_dune10kt_1x2x6_geov5.fcl,standard_cafmaker_atmos_dune10kt_1x2x6_geov5.yaml,fdhd_he_2026a_caf,usertests:fardet-hd-reco-ritm2749296_15370-fnal-w15370s1p1
usertests,TEST_hd_atmos_v6,435,,pass1,,,,,,0.0,0,0.0,?,v10_20_03d01,980,1213.689,5,standard_cafmaker_atmos_dune10kt_1x2x6_geov5.fcl,standard_cafmaker_atmos_dune10kt_1x2x6_geov5.yaml,fdhd_he_2026a_caf,usertests:fardet-hd-reco-ritm2749296_15370-fnal-w15370s1p1
usertests,TEST_hd_atmos_v6,440,,pass1,,,,,,0.0,0,0.0,?,v10_20_03d01,980,1213.689,5,standard_cafmaker_atmos_dune10kt_1x2x6_geov5.fcl,standard_cafmaker_atmos_dune10kt_1x2x6_geov5.yaml,fdhd_he_2026a_caf,usertests:fardet-hd-reco-ritm2749296_15370-fnal-w15370s1p1
usertests,TEST_hd_atmos_v6,445,,pass1,,,,,,0.0,0,0.0,?,v10_20_03d01,980,1213.689,5,standard_cafmaker_atmos_dune10kt_1x2x6_geov5.fcl,standard_cafmaker_atmos_dune10kt_1x2x6_geov5.yaml,fdhd_he_2026a_caf,usertests:fardet-hd-reco-ritm2749296_15370-fnal-w15370s1p1
usertests,TEST_hd_atmos_v6,450,,pass1,,,,,,0.0,0,0.0,?,v10_20_03d01,980,1213.689,5,standard_cafmaker_atmos_dune10kt_1x2x6_geov5.fcl,standard_cafmaker_atmos_dune10kt_1x2x6_geov5.yaml,fdhd_he_2026a_caf,usertests:fardet-hd-reco-ritm2749296_15370-fnal-w15370s1p1
usertests,TEST_hd_atmos_v6,455,,pass1,,,,,,0.0,0,0.0,?,v10_20_03d01,980,1213.689,5,standard_cafmaker_atmos_dune10kt_1x2x6_geov5.fcl,standard_cafmaker_atmos_dune10kt_1x2x6_geov5.yaml,fdhd_he_2026a_caf,usertests:fardet-hd-reco-ritm2749296_15370-fnal-w15370s1p1
usertests,TEST_hd_atmos_v6,460,,pass1,,,,,,0.0,0,0.0,?,v10_20_03d01,980,1213.689,5,standard_cafmaker_atmos_dune10kt_1x2x6_geov5.fcl,standard_cafmaker_atmos_dune10kt_1x2x6_geov5.yaml,fdhd_he_2026a_caf,usertests:fardet-hd-reco-ritm2749296_15370-fnal-w15370s1p1
usertests,TEST_hd_atmos_v6,465,,pass1,,,,,,0.0,0,0.0,?,v10_20_03d01,980,1213.689,5,standard_cafmaker_atmos_dune10kt_1x2x6_geov5.fcl,standard_cafmaker_atmos_dune10kt_1x2x6_geov5.yaml,fdhd_he_2026a_caf,usertests:fardet-hd-reco-ritm2749296_15370-fnal-w15370s1p1
usertests,TEST_hd_atmos_v6,470,,pass1,,,,,,0.0,0,0.0,?,v10_20_03d01,980,1213.689,5,standard_cafmaker_atmos_dune10kt_1x2x6_geov5.fcl,standard_cafmaker_atmos_dune10kt_1x2x6_geov5.yaml,fdhd_he_2026a_caf,usertests:fardet-hd-reco-ritm2749296_15370-fnal-w15370s1p1
usertests,TEST_hd_atmos_v6,475,,pass1,,,,,,0.0,0,0.0,?,v10_20_03d01,980,1213.689,5,standard_cafmaker_atmos_dune10kt_1x2x6_geov5.fcl,standard_cafmaker_atmos_dune10kt_1x2x6_geov5.yaml,fdhd_he_2026a_caf,usertests:fardet-hd-reco-ritm2749296_15370-fnal-w15370s1p1
usertests,TEST_hd_atmos_v6,480,,pass1,,,,,,0.0,0,0.0,?,v10_20_03d01,980,1213.689,5,standard_cafmaker_atmos_dune10kt_1x2x6_geov5.fcl,standard_cafmaker_atmos_dune10kt_1x2x6_geov5.yaml,fdhd_he_2026a_caf,usertests:fardet-hd-reco-ritm2749296_15370-fnal-w15370s1p1
usertests,TEST_hd_atmos_v6,485,,pass1,,,,,,0.0,0,0.0,?,v10_20_03d01,980,1213.689,5,standard_cafmaker_atmos_dune10kt_1x2x6_geov5.fcl,standard_cafmaker_atmos_dune10kt_1x2x6_geov5.yaml,fdhd_he_2026a_caf,usertests:fardet-hd-reco-ritm2749296_15370-fnal-w15370s1p1
usertests,TEST_hd_atmos_v6,490,,pass1,,,,,,0.0,0,0.0,?,v10_20_03d01,980,1213.689,5,standard_cafmaker_atmos_dune10kt_1x2x6_geov5.fcl,standard_cafmaker_atmos_dune10kt_1x2x6_geov5.yaml,fdhd_he_2026a_caf,usertests:fardet-hd-reco-ritm2749296_15370-fnal-w15370s1p1
usertests,TEST_hd_atmos_v6,495,,pass1,,,,,,0.0,0,0.0,?,v10_20_03d01,980,1213.689,5,standard_cafmaker_atmos_dune10kt_1x2x6_geov5.fcl,standard_cafmaker_atmos_dune10kt_1x2x6_geov5.yaml,fdhd_he_2026a_caf,usertests:fardet-hd-reco-ritm2749296_15370-fnal-w15370s1p1
usertests,TEST_hd_atmos_v6,500,,pass1,,,,,,0.0,0,0.0,?,v10_20_03d01,980,1213.689,5,standard_cafmaker_atmos_dune10kt_1x2x6_geov5.fcl,standard_cafmaker_atmos_dune10kt_1x2x6_geov5.yaml,fdhd_he_2026a_caf,usertests:fardet-hd-reco-ritm2749296_15370-fnal-w15370s1p1
usertests,TEST_hd_atmos_v6,505,,pass1,,,,,,0.0,0,0.0,?,v10_20_03d01,980,1213.689,5,standard_cafmaker_atmos_dune10kt_1x2x6_geov5.fcl,standard_cafmaker_atmos_dune10kt_1x2x6_geov5.yaml,fdhd_he_2026a_caf,usertests:fardet-hd-reco-ritm2749296_15370-fnal-w15370s1p1
usertests,TEST_hd_atmos_v6,510,,pass1,,,,,,0.0,0,0.0,?,v10_20_03d01,980,1213.689,5,standard_cafmaker_atmos_dune10kt_1x2x6_geov5.fcl,standard_cafmaker_atmos_dune10kt_1x2x6_geov5.yaml,fdhd_he_2026a_caf,usertests:fardet-hd-reco-ritm2749296_15370-fnal-w15370s1p1
usertests,TEST_hd_atmos_v6,515,,pass1,,,,,,0.0,0,0.0,?,v10_20_03d01,980,1213.689,5,standard_cafmaker_atmos_dune10kt_1x2x6_geov5.fcl,standard_cafmaker_atmos_dune10kt_1x2x6_geov5.yaml,fdhd_he_2026a_caf,usertests:fardet-hd-reco-ritm2749296_15370-fnal-w15370s1p1
usertests,TEST_hd_atmos_v6,520,,pass1,,,,,,0.0,0,0.0,?,v10_20_03d01,980,1213.689,5,standard_cafmaker_atmos_dune10kt_1x2x6_geov5.fcl,standard_cafmaker_atmos_dune10kt_1x2x6_geov5.yaml,fdhd_he_2026a_caf,usertests:fardet-hd-reco-ritm2749296_15370-fnal-w15370s1p1
usertests,TEST_hd_atmos_v6,525,,pass1,,,,,,0.0,0,0.0,?,v10_20_03d01,980,1213.689,5,standard_cafmaker_atmos_dune10kt_1x2x6_geov5.fcl,standard_cafmaker_atmos_dune10kt_1x2x6_geov5.yaml,fdhd_he_2026a_caf,usertests:fardet-hd-reco-ritm2749296_15370-fnal-w15370s1p1
usertests,TEST_hd_atmos_v6,530,,pass1,,,,,,0.0,0,0.0,?,v10_20_03d01,980,1213.689,5,standard_cafmaker_atmos_dune10kt_1x2x6_geov5.fcl,standard_cafmaker_atmos_dune10kt_1x2x6_geov5.yaml,fdhd_he_2026a_caf,usertests:fardet-hd-reco-ritm2749296_15370-fnal-w15370s1p1
usertests,TEST_hd_atmos_v6,535,,pass1,,,,,,0.0,0,0.0,?,v10_20_03d01,980,1213.689,5,standard_cafmaker_atmos_dune10kt_1x2x6_geov5.fcl,standard_cafmaker_atmos_dune10kt_1x2x6_geov5.yaml,fdhd_he_2026a_caf,usertests:fardet-hd-reco-ritm2749296_15370-fnal-w15370s1p1
usertests,TEST_hd_atmos_v6,540,,pass1,,,,,,0.0,0,0.0,?,v10_20_03d01,980,1213.689,5,standard_cafmaker_atmos_dune10kt_1x2x6_geov5.fcl,standard_cafmaker_atmos_dune10kt_1x2x6_geov5.yaml,fdhd_he_2026a_caf,usertests:fardet-hd-reco-ritm2749296_15370-fnal-w15370s1p1
usertests,TEST_hd_atmos_v6,545,,pass1,,,,,,0.0,0,0.0,?,v10_20_03d01,980,1213.689,5,standard_cafmaker_atmos_dune10kt_1x2x6_geov5.fcl,standard_cafmaker_atmos_dune10kt_1x2x6_geov5.yaml,fdhd_he_2026a_caf,usertests:fardet-hd-reco-ritm2749296_15370-fnal-w15370s1p1
usertests,TEST_hd_atmos_v6,550,,pass1,,,,,,0.0,0,0.0,?,v10_20_03d01,980,1213.689,5,standard_cafmaker_atmos_dune10kt_1x2x6_geov5.fcl,standard_cafmaker_atmos_dune10kt_1x2x6_geov5.yaml,fdhd_he_2026a_caf,usertests:fardet-hd-reco-ritm2749296_15370-fnal-w15370s1p1
usertests,TEST_hd_atmos_v6,555,,pass1,,,,,,0.0,0,0.0,?,v10_20_03d01,980,1213.689,5,standard_cafmaker_atmos_dune10kt_1x2x6_geov5.fcl,standard_cafmaker_atmos_dune10kt_1x2x6_geov5.yaml,fdhd_he_2026a_caf,usertests:fardet-hd-reco-ritm2749296_15370-fnal-w15370s1p1
usertests,TEST_hd_atmos_v6,560,,pass1,,,,,,0.0,0,0.0,?,v10_20_03d01,980,1213.689,5,standard_cafmaker_atmos_dune10kt_1x2x6_geov5.fcl,standard_cafmaker_atmos_dune10kt_1x2x6_geov5.yaml,fdhd_he_2026a_caf,usertests:fardet-hd-reco-ritm2749296_15370-fnal-w15370s1p1
usertests,TEST_hd_atmos_v6,565,,pass1,,,,,,0.0,0,0.0,?,v10_20_03d01,980,1213.689,5,standard_cafmaker_atmos_dune10kt_1x2x6_geov5.fcl,standard_cafmaker_atmos_dune10kt_1x2x6_geov5.yaml,fdhd_he_2026a_caf,usertests:fardet-hd-reco-ritm2749296_15370-fnal-w15370s1p1
usertests,TEST_hd_atmos_v6,570,,pass1,,,,,,0.0,0,0.0,?,v10_20_03d01,980,1213.689,5,standard_cafmaker_atmos_dune10kt_1x2x6_geov5.fcl,standard_cafmaker_atmos_dune10kt_1x2x6_geov5.yaml,fdhd_he_2026a_caf,usertests:fardet-hd-reco-ritm2749296_15370-fnal-w15370s1p1
usertests,TEST_hd_atmos_v6,575,,pass1,,,,,,0.0,0,0.0,?,v10_20_03d01,980,1213.689,5,standard_cafmaker_atmos_dune10kt_1x2x6_geov5.fcl,standard_cafmaker_atmos_dune10kt_1x2x6_geov5.yaml,fdhd_he_2026a_caf,usertests:fardet-hd-reco-ritm2749296_15370-fnal-w15370s1p1
usertests,TEST_hd_atmos_v6,580,,pass1,,,,,,0.0,0,0.0,?,v10_20_03d01,980,1213.689,5,standard_cafmaker_atmos_dune10kt_1x2x6_geov5.fcl,standard_cafmaker_atmos_dune10kt_1x2x6_geov5.yaml,fdhd_he_2026a_caf,usertests:fardet-hd-reco-ritm2749296_15370-fnal-w15370s1p1
usertests,TEST_hd_atmos_v6,585,,pass1,,,,,,0.0,0,0.0,?,v10_20_03d01,980,1213.689,5,standard_cafmaker_atmos_dune10kt_1x2x6_geov5.fcl,standard_cafmaker_atmos_dune10kt_1x2x6_geov5.yaml,fdhd_he_2026a_caf,usertests:fardet-hd-reco-ritm2749296_15370-fnal-w15370s1p1
usertests,TEST_hd_atmos_v6,590,,pass1,,,,,,0.0,0,0.0,?,v10_20_03d01,980,1213.689,5,standard_cafmaker_atmos_dune10kt_1x2x6_geov5.fcl,standard_cafmaker_atmos_dune10kt_1x2x6_geov5.yaml,fdhd_he_2026a_caf,usertests:fardet-hd-reco-ritm2749296_15370-fnal-w15370s1p1
usertests,TEST_hd_atmos_v6,595,,pass1,,,,,,0.0,0,0.0,?,v10_20_03d01,980,1213.689,5,standard_cafmaker_atmos_dune10kt_1x2x6_geov5.fcl,standard_cafmaker_atmos_dune10kt_1x2x6_geov5.yaml,fdhd_he_2026a_caf,usertests:fardet-hd-reco-ritm2749296_15370-fnal-w15370s1p1
usertests,TEST_hd_atmos_v6,600,,pass1,,,,,,0.0,0,0.0,?,v10_20_03d01,980,1213.689,5,standard_cafmaker_atmos_dune10kt_1x2x6_geov5.fcl,standard_cafmaker_atmos_dune10kt_1x2x6_geov5.yaml,fdhd_he_2026a_caf,usertests:fardet-hd-reco-ritm2749296_15370-fnal-w15370s1p1
usertests,TEST_hd_atmos_v6,605,,pass1,,,,,,0.0,0,0.0,?,v10_20_03d01,980,1213.689,5,standard_cafmaker_atmos_dune10kt_1x2x6_geov5.fcl,standard_cafmaker_atmos_dune10kt_1x2x6_geov5.yaml,fdhd_he_2026a_caf,usertests:fardet-hd-reco-ritm2749296_15370-fnal-w15370s1p1
usertests,TEST_hd_atmos_v6,610,,pass1,,,,,,0.0,0,0.0,?,v10_20_03d01,980,1213.689,5,standard_cafmaker_atmos_dune10kt_1x2x6_geov5.fcl,standard_cafmaker_atmos_dune10kt_1x2x6_geov5.yaml,fdhd_he_2026a_caf,usertests:fardet-hd-reco-ritm2749296_15370-fnal-w15370s1p1
usertests,TEST_hd_atmos_v6,615,,pass1,,,,,,0.0,0,0.0,?,v10_20_03d01,980,1213.689,5,standard_cafmaker_atmos_dune10kt_1x2x6_geov5.fcl,standard_cafmaker_atmos_dune10kt_1x2x6_geov5.yaml,fdhd_he_2026a_caf,usertests:fardet-hd-reco-ritm2749296_15370-fnal-w15370s1p1
usertests,TEST_hd_atmos_v6,620,,pass1,,,,,,0.0,0,0.0,?,v10_20_03d01,980,1213.689,5,standard_cafmaker_atmos_dune10kt_1x2x6_geov5.fcl,standard_cafmaker_atmos_dune10kt_1x2x6_geov5.yaml,fdhd_he_2026a_caf,usertests:fardet-hd-reco-ritm2749296_15370-fnal-w15370s1p1
usertests,TEST_hd_atmos_v6,625,,pass1,,,,,,0.0,0,0.0,?,v10_20_03d01,980,1213.689,5,standard_cafmaker_atmos_dune10kt_1x2x6_geov5.fcl,standard_cafmaker_atmos_dune10kt_1x2x6_geov5.yaml,fdhd_he_2026a_caf,usertests:fardet-hd-reco-ritm2749296_15370-fnal-w15370s1p1
usertests,TEST_hd_atmos_v6,630,,pass1,,,,,,0.0,0,0.0,?,v10_20_03d01,980,1213.689,5,standard_cafmaker_atmos_dune10kt_1x2x6_geov5.fcl,standard_cafmaker_atmos_dune10kt_1x2x6_geov5.yaml,fdhd_he_2026a_caf,usertests:fardet-hd-reco-ritm2749296_15370-fnal-w15370s1p1
usertests,TEST_hd_atmos_v6,635,,pass1,,,,,,0.0,0,0.0,?,v10_20_03d01,980,1213.689,5,standard_cafmaker_atmos_dune10kt_1x2x6_geov5.fcl,standard_cafmaker_atmos_dune10kt_1x2x6_geov5.yaml,fdhd_he_2026a_caf,usertests:fardet-hd-reco-ritm2749296_15370-fnal-w15370s1p1
usertests,TEST_hd_atmos_v6,640,,pass1,,,,,,0.0,0,0.0,?,v10_20_03d01,980,1213.689,5,standard_cafmaker_atmos_dune10kt_1x2x6_geov5.fcl,standard_cafmaker_atmos_dune10kt_1x2x6_geov5.yaml,fdhd_he_2026a_caf,usertests:fardet-hd-reco-ritm2749296_15370-fnal-w15370s1p1
usertests,TEST_hd_atmos_v6,645,,pass1,,,,,,0.0,0,0.0,?,v10_20_03d01,980,1213.689,5,standard_cafmaker_atmos_dune10kt_1x2x6_geov5.fcl,standard_cafmaker_atmos_dune10kt_1x2x6_geov5.yaml,fdhd_he_2026a_caf,usertests:fardet-hd-reco-ritm2749296_15370-fnal-w15370s1p1
usertests,TEST_hd_atmos_v6,650,,pass1,,,,,,0.0,0,0.0,?,v10_20_03d01,980,1213.689,5,standard_cafmaker_atmos_dune10kt_1x2x6_geov5.fcl,standard_cafmaker_atmos_dune10kt_1x2x6_geov5.yaml,fdhd_he_2026a_caf,usertests:fardet-hd-reco-ritm2749296_15370-fnal-w15370s1p1
usertests,TEST_hd_atmos_v6,655,,pass1,,,,,,0.0,0,0.0,?,v10_20_03d01,980,1213.689,5,standard_cafmaker_atmos_dune10kt_1x2x6_geov5.fcl,standard_cafmaker_atmos_dune10kt_1x2x6_geov5.yaml,fdhd_he_2026a_caf,usertests:fardet-hd-reco-ritm2749296_15370-fnal-w15370s1p1
usertests,TEST_hd_atmos_v6,660,,pass1,,,,,,0.0,0,0.0,?,v10_20_03d01,980,1213.689,5,standard_cafmaker_atmos_dune10kt_1x2x6_geov5.fcl,standard_cafmaker_atmos_dune10kt_1x2x6_geov5.yaml,fdhd_he_2026a_caf,usertests:fardet-hd-reco-ritm2749296_15370-fnal-w15370s1p1
usertests,TEST_hd_atmos_v6,665,,pass1,,,,,,0.0,0,0.0,?,v10_20_03d01,980,1213.689,5,standard_cafmaker_atmos_dune10kt_1x2x6_geov5.fcl,standard_cafmaker_atmos_dune10kt_1x2x6_geov5.yaml,fdhd_he_2026a_caf,usertests:fardet-hd-reco-ritm2749296_15370-fnal-w15370s1p1
usertests,TEST_hd_atmos_v6,670,,pass1,,,,,,0.0,0,0.0,?,v10_20_03d01,980,1213.689,5,standard_cafmaker_atmos_dune10kt_1x2x6_geov5.fcl,standard_cafmaker_atmos_dune10kt_1x2x6_geov5.yaml,fdhd_he_2026a_caf,usertests:fardet-hd-reco-ritm2749296_15370-fnal-w15370s1p1
usertests,TEST_hd_atmos_v6,675,,pass1,,,,,,0.0,0,0.0,?,v10_20_03d01,980,1213.689,5,standard_cafmaker_atmos_dune10kt_1x2x6_geov5.fcl,standard_cafmaker_atmos_dune10kt_1x2x6_geov5.yaml,fdhd_he_2026a_caf,usertests:fardet-hd-reco-ritm2749296_15370-fnal-w15370s1p1
usertests,TEST_hd_atmos_v6,680,,pass1,,,,,,0.0,0,0.0,?,v10_20_03d01,980,1213.689,5,standard_cafmaker_atmos_dune10kt_1x2x6_geov5.fcl,standard_cafmaker_atmos_dune10kt_1x2x6_geov5.yaml,fdhd_he_2026a_caf,usertests:fardet-hd-reco-ritm2749296_15370-fnal-w15370s1p1
usertests,TEST_hd_atmos_v6,685,,pass1,,,,,,0.0,0,0.0,?,v10_20_03d01,980,1213.689,5,standard_cafmaker_atmos_dune10kt_1x2x6_geov5.fcl,standard_cafmaker_atmos_dune10kt_1x2x6_geov5.yaml,fdhd_he_2026a_caf,usertests:fardet-hd-reco-ritm2749296_15370-fnal-w15370s1p1
usertests,TEST_hd_atmos_v6,690,,pass1,,,,,,0.0,0,0.0,?,v10_20_03d01,980,1213.689,5,standard_cafmaker_atmos_dune10kt_1x2x6_geov5.fcl,standard_cafmaker_atmos_dune10kt_1x2x6_geov5.yaml,fdhd_he_2026a_caf,usertests:fardet-hd-reco-ritm2749296_15370-fnal-w15370s1p1
usertests,TEST_hd_atmos_v6,695,,pass1,,,,,,0.0,0,0.0,?,v10_20_03d01,980,1213.689,5,standard_cafmaker_atmos_dune10kt_1x2x6_geov5.fcl,standard_cafmaker_atmos_dune10kt_1x2x6_geov5.yaml,fdhd_he_2026a_caf,usertests:fardet-hd-reco-ritm2749296_15370-fnal-w15370s1p1
usertests,TEST_hd_atmos_v6,700,,pass1,,,,,,0.0,0,0.0,?,v10_20_03d01,980,1213.689,5,standard_cafmaker_atmos_dune10kt_1x2x6_geov5.fcl,standard_cafmaker_atmos_dune10kt_1x2x6_geov5.yaml,fdhd_he_2026a_caf,usertests:fardet-hd-reco-ritm2749296_15370-fnal-w15370s1p1
usertests,TEST_hd_atmos_v6,705,,pass1,,,,,,0.0,0,0.0,?,v10_20_03d01,980,1213.689,5,standard_cafmaker_atmos_dune10kt_1x2x6_geov5.fcl,standard_cafmaker_atmos_dune10kt_1x2x6_geov5.yaml,fdhd_he_2026a_caf,usertests:fardet-hd-reco-ritm2749296_15370-fnal-w15370s1p1
usertests,TEST_hd_atmos_v6,710,,pass1,,,,,,0.0,0,0.0,?,v10_20_03d01,980,1213.689,5,standard_cafmaker_atmos_dune10kt_1x2x6_geov5.fcl,standard_cafmaker_atmos_dune10kt_1x2x6_geov5.yaml,fdhd_he_2026a_caf,usertests:fardet-hd-reco-ritm2749296_15370-fnal-w15370s1p1
usertests,TEST_hd_atmos_v6,715,,pass1,,,,,,0.0,0,0.0,?,v10_20_03d01,980,1213.689,5,standard_cafmaker_atmos_dune10kt_1x2x6_geov5.fcl,standard_cafmaker_atmos_dune10kt_1x2x6_geov5.yaml,fdhd_he_2026a_caf,usertests:fardet-hd-reco-ritm2749296_15370-fnal-w15370s1p1
usertests,TEST_hd_atmos_v6,720,,pass1,,,,,,0.0,0,0.0,?,v10_20_03d01,980,1213.689,5,standard_cafmaker_atmos_dune10kt_1x2x6_geov5.fcl,standard_cafmaker_atmos_dune10kt_1x2x6_geov5.yaml,fdhd_he_2026a_caf,usertests:fardet-hd-reco-ritm2749296_15370-fnal-w15370s1p1
usertests,TEST_hd_atmos_v6,725,,pass1,,,,,,0.0,0,0.0,?,v10_20_03d01,980,1213.689,5,standard_cafmaker_atmos_dune10kt_1x2x6_geov5.fcl,standard_cafmaker_atmos_dune10kt_1x2x6_geov5.yaml,fdhd_he_2026a_caf,usertests:fardet-hd-reco-ritm2749296_15370-fnal-w15370s1p1
usertests,TEST_hd_atmos_v6,730,,pass1,,,,,,0.0,0,0.0,?,v10_20_03d01,980,1213.689,5,standard_cafmaker_atmos_dune10kt_1x2x6_geov5.fcl,standard_cafmaker_atmos_dune10kt_1x2x6_geov5.yaml,fdhd_he_2026a_caf,usertests:fardet-hd-reco-ritm2749296_15370-fnal-w15370s1p1
usertests,TEST_hd_atmos_v6,735,,pass1,,,,,,0.0,0,0.0,?,v10_20_03d01,980,1213.689,5,standard_cafmaker_atmos_dune10kt_1x2x6_geov5.fcl,standard_cafmaker_atmos_dune10kt_1x2x6_geov5.yaml,fdhd_he_2026a_caf,usertests:fardet-hd-reco-ritm2749296_15370-fnal-w15370s1p1
usertests,TEST_hd_atmos_v6,740,,pass1,,,,,,0.0,0,0.0,?,v10_20_03d01,980,1213.689,5,standard_cafmaker_atmos_dune10kt_1x2x6_geov5.fcl,standard_cafmaker_atmos_dune10kt_1x2x6_geov5.yaml,fdhd_he_2026a_caf,usertests:fardet-hd-reco-ritm2749296_15370-fnal-w15370s1p1
usertests,TEST_hd_atmos_v6,745,,pass1,,,,,,0.0,0,0.0,?,v10_20_03d01,980,1213.689,5,standard_cafmaker_atmos_dune10kt_1x2x6_geov5.fcl,standard_cafmaker_atmos_dune10kt_1x2x6_geov5.yaml,fdhd_he_2026a_caf,usertests:fardet-hd-reco-ritm2749296_15370-fnal-w15370s1p1
usertests,TEST_hd_atmos_v6,750,,pass1,,,,,,0.0,0,0.0,?,v10_20_03d01,980,1213.689,5,standard_cafmaker_atmos_dune10kt_1x2x6_geov5.fcl,standard_cafmaker_atmos_dune10kt_1x2x6_geov5.yaml,fdhd_he_2026a_caf,usertests:fardet-hd-reco-ritm2749296_15370-fnal-w15370s1p1
usertests,TEST_hd_atmos_v6,755,,pass1,,,,,,0.0,0,0.0,?,v10_20_03d01,980,1213.689,5,standard_cafmaker_atmos_dune10kt_1x2x6_geov5.fcl,standard_cafmaker_atmos_dune10kt_1x2x6_geov5.yaml,fdhd_he_2026a_caf,usertests:fardet-hd-reco-ritm2749296_15370-fnal-w15370s1p1
usertests,TEST_hd_atmos_v6,760,,pass1,,,,,,0.0,0,0.0,?,v10_20_03d01,980,1213.689,5,standard_cafmaker_atmos_dune10kt_1x2x6_geov5.fcl,standard_cafmaker_atmos_dune10kt_1x2x6_geov5.yaml,fdhd_he_2026a_caf,usertests:fardet-hd-reco-ritm2749296_15370-fnal-w15370s1p1
usertests,TEST_hd_atmos_v6,765,,pass1,,,,,,0.0,0,0.0,?,v10_20_03d01,980,1213.689,5,standard_cafmaker_atmos_dune10kt_1x2x6_geov5.fcl,standard_cafmaker_atmos_dune10kt_1x2x6_geov5.yaml,fdhd_he_2026a_caf,usertests:fardet-hd-reco-ritm2749296_15370-fnal-w15370s1p1
usertests,TEST_hd_atmos_v6,770,,pass1,,,,,,0.0,0,0.0,?,v10_20_03d01,980,1213.689,5,standard_cafmaker_atmos_dune10kt_1x2x6_geov5.fcl,standard_cafmaker_atmos_dune10kt_1x2x6_geov5.yaml,fdhd_he_2026a_caf,usertests:fardet-hd-reco-ritm2749296_15370-fnal-w15370s1p1
usertests,TEST_hd_atmos_v6,775,,pass1,,,,,,0.0,0,0.0,?,v10_20_03d01,980,1213.689,5,standard_cafmaker_atmos_dune10kt_1x2x6_geov5.fcl,standard_cafmaker_atmos_dune10kt_1x2x6_geov5.yaml,fdhd_he_2026a_caf,usertests:fardet-hd-reco-ritm2749296_15370-fnal-w15370s1p1
usertests,TEST_hd_atmos_v6,780,,pass1,,,,,,0.0,0,0.0,?,v10_20_03d01,980,1213.689,5,standard_cafmaker_atmos_dune10kt_1x2x6_geov5.fcl,standard_cafmaker_atmos_dune10kt_1x2x6_geov5.yaml,fdhd_he_2026a_caf,usertests:fardet-hd-reco-ritm2749296_15370-fnal-w15370s1p1
usertests,TEST_hd_atmos_v6,785,,pass1,,,,,,0.0,0,0.0,?,v10_20_03d01,980,1213.689,5,standard_cafmaker_atmos_dune10kt_1x2x6_geov5.fcl,standard_cafmaker_atmos_dune10kt_1x2x6_geov5.yaml,fdhd_he_2026a_caf,usertests:fardet-hd-reco-ritm2749296_15370-fnal-w15370s1p1
usertests,TEST_hd_atmos_v6,790,,pass1,,,,,,0.0,0,0.0,?,v10_20_03d01,980,1213.689,5,standard_cafmaker_atmos_dune10kt_1x2x6_geov5.fcl,standard_cafmaker_atmos_dune10kt_1x2x6_geov5.yaml,fdhd_he_2026a_caf,usertests:fardet-hd-reco-ritm2749296_15370-fnal-w15370s1p1
usertests,TEST_hd_atmos_v6,795,,pass1,,,,,,0.0,0,0.0,?,v10_20_03d01,980,1213.689,5,standard_cafmaker_atmos_dune10kt_1x2x6_geov5.fcl,standard_cafmaker_atmos_dune10kt_1x2x6_geov5.yaml,fdhd_he_2026a_caf,usertests:fardet-hd-reco-ritm2749296_15370-fnal-w15370s1p1
usertests,TEST_hd_atmos_v6,800,,pass1,,,,,,0.0,0,0.0,?,v10_20_03d01,980,1213.689,5,standard_cafmaker_atmos_dune10kt_1x2x6_geov5.fcl,standard_cafmaker_atmos_dune10kt_1x2x6_geov5.yaml,fdhd_he_2026a_caf,usertests:fardet-hd-reco-ritm2749296_15370-fnal-w15370s1p1
usertests,TEST_hd_atmos_v6,805,,pass1,,,,,,0.0,0,0.0,?,v10_20_03d01,980,1213.689,5,standard_cafmaker_atmos_dune10kt_1x2x6_geov5.fcl,standard_cafmaker_atmos_dune10kt_1x2x6_geov5.yaml,fdhd_he_2026a_caf,usertests:fardet-hd-reco-ritm2749296_15370-fnal-w15370s1p1
usertests,TEST_hd_atmos_v6,810,,pass1,,,,,,0.0,0,0.0,?,v10_20_03d01,980,1213.689,5,standard_cafmaker_atmos_dune10kt_1x2x6_geov5.fcl,standard_cafmaker_atmos_dune10kt_1x2x6_geov5.yaml,fdhd_he_2026a_caf,usertests:fardet-hd-reco-ritm2749296_15370-fnal-w15370s1p1
usertests,TEST_hd_atmos_v6,815,,pass1,,,,,,0.0,0,0.0,?,v10_20_03d01,980,1213.689,5,standard_cafmaker_atmos_dune10kt_1x2x6_geov5.fcl,standard_cafmaker_atmos_dune10kt_1x2x6_geov5.yaml,fdhd_he_2026a_caf,usertests:fardet-hd-reco-ritm2749296_15370-fnal-w15370s1p1
usertests,TEST_hd_atmos_v6,820,,pass1,,,,,,0.0,0,0.0,?,v10_20_03d01,980,1213.689,5,standard_cafmaker_atmos_dune10kt_1x2x6_geov5.fcl,standard_cafmaker_atmos_dune10kt_1x2x6_geov5.yaml,fdhd_he_2026a_caf,usertests:fardet-hd-reco-ritm2749296_15370-fnal-w15370s1p1
usertests,TEST_hd_atmos_v6,825,,pass1,,,,,,0.0,0,0.0,?,v10_20_03d01,980,1213.689,5,standard_cafmaker_atmos_dune10kt_1x2x6_geov5.fcl,standard_cafmaker_atmos_dune10kt_1x2x6_geov5.yaml,fdhd_he_2026a_caf,usertests:fardet-hd-reco-ritm2749296_15370-fnal-w15370s1p1
usertests,TEST_hd_atmos_v6,830,,pass1,,,,,,0.0,0,0.0,?,v10_20_03d01,980,1213.689,5,standard_cafmaker_atmos_dune10kt_1x2x6_geov5.fcl,standard_cafmaker_atmos_dune10kt_1x2x6_geov5.yaml,fdhd_he_2026a_caf,usertests:fardet-hd-reco-ritm2749296_15370-fnal-w15370s1p1
usertests,TEST_hd_atmos_v6,835,,pass1,,,,,,0.0,0,0.0,?,v10_20_03d01,980,1213.689,5,standard_cafmaker_atmos_dune10kt_1x2x6_geov5.fcl,standard_cafmaker_atmos_dune10kt_1x2x6_geov5.yaml,fdhd_he_2026a_caf,usertests:fardet-hd-reco-ritm2749296_15370-fnal-w15370s1p1
usertests,TEST_hd_atmos_v6,840,,pass1,,,,,,0.0,0,0.0,?,v10_20_03d01,980,1213.689,5,standard_cafmaker_atmos_dune10kt_1x2x6_geov5.fcl,standard_cafmaker_atmos_dune10kt_1x2x6_geov5.yaml,fdhd_he_2026a_caf,usertests:fardet-hd-reco-ritm2749296_15370-fnal-w15370s1p1
usertests,TEST_hd_atmos_v6,845,,pass1,,,,,,0.0,0,0.0,?,v10_20_03d01,980,1213.689,5,standard_cafmaker_atmos_dune10kt_1x2x6_geov5.fcl,standard_cafmaker_atmos_dune10kt_1x2x6_geov5.yaml,fdhd_he_2026a_caf,usertests:fardet-hd-reco-ritm2749296_15370-fnal-w15370s1p1
usertests,TEST_hd_atmos_v6,850,,pass1,,,,,,0.0,0,0.0,?,v10_20_03d01,980,1213.689,5,standard_cafmaker_atmos_dune10kt_1x2x6_geov5.fcl,standard_cafmaker_atmos_dune10kt_1x2x6_geov5.yaml,fdhd_he_2026a_caf,usertests:fardet-hd-reco-ritm2749296_15370-fnal-w15370s1p1
usertests,TEST_hd_atmos_v6,855,,pass1,,,,,,0.0,0,0.0,?,v10_20_03d01,980,1213.689,5,standard_cafmaker_atmos_dune10kt_1x2x6_geov5.fcl,standard_cafmaker_atmos_dune10kt_1x2x6_geov5.yaml,fdhd_he_2026a_caf,usertests:fardet-hd-reco-ritm2749296_15370-fnal-w15370s1p1
usertests,TEST_hd_atmos_v6,860,,pass1,,,,,,0.0,0,0.0,?,v10_20_03d01,980,1213.689,5,standard_cafmaker_atmos_dune10kt_1x2x6_geov5.fcl,standard_cafmaker_atmos_dune10kt_1x2x6_geov5.yaml,fdhd_he_2026a_caf,usertests:fardet-hd-reco-ritm2749296_15370-fnal-w15370s1p1
usertests,TEST_hd_atmos_v6,865,,pass1,,,,,,0.0,0,0.0,?,v10_20_03d01,980,1213.689,5,standard_cafmaker_atmos_dune10kt_1x2x6_geov5.fcl,standard_cafmaker_atmos_dune10kt_1x2x6_geov5.yaml,fdhd_he_2026a_caf,usertests:fardet-hd-reco-ritm2749296_15370-fnal-w15370s1p1
usertests,TEST_hd_atmos_v6,870,,pass1,,,,,,0.0,0,0.0,?,v10_20_03d01,980,1213.689,5,standard_cafmaker_atmos_dune10kt_1x2x6_geov5.fcl,standard_cafmaker_atmos_dune10kt_1x2x6_geov5.yaml,fdhd_he_2026a_caf,usertests:fardet-hd-reco-ritm2749296_15370-fnal-w15370s1p1
usertests,TEST_hd_atmos_v6,875,,pass1,,,,,,0.0,0,0.0,?,v10_20_03d01,980,1213.689,5,standard_cafmaker_atmos_dune10kt_1x2x6_geov5.fcl,standard_cafmaker_atmos_dune10kt_1x2x6_geov5.yaml,fdhd_he_2026a_caf,usertests:fardet-hd-reco-ritm2749296_15370-fnal-w15370s1p1
usertests,TEST_hd_atmos_v6,880,,pass1,,,,,,0.0,0,0.0,?,v10_20_03d01,980,1213.689,5,standard_cafmaker_atmos_dune10kt_1x2x6_geov5.fcl,standard_cafmaker_atmos_dune10kt_1x2x6_geov5.yaml,fdhd_he_2026a_caf,usertests:fardet-hd-reco-ritm2749296_15370-fnal-w15370s1p1
usertests,TEST_hd_atmos_v6,885,,pass1,,,,,,0.0,0,0.0,?,v10_20_03d01,980,1213.689,5,standard_cafmaker_atmos_dune10kt_1x2x6_geov5.fcl,standard_cafmaker_atmos_dune10kt_1x2x6_geov5.yaml,fdhd_he_2026a_caf,usertests:fardet-hd-reco-ritm2749296_15370-fnal-w15370s1p1
usertests,TEST_hd_atmos_v6,890,,pass1,,,,,,0.0,0,0.0,?,v10_20_03d01,980,1213.689,5,standard_cafmaker_atmos_dune10kt_1x2x6_geov5.fcl,standard_cafmaker_atmos_dune10kt_1x2x6_geov5.yaml,fdhd_he_2026a_caf,usertests:fardet-hd-reco-ritm2749296_15370-fnal-w15370s1p1
usertests,TEST_hd_atmos_v6,895,,pass1,,,,,,0.0,0,0.0,?,v10_20_03d01,980,1213.689,5,standard_cafmaker_atmos_dune10kt_1x2x6_geov5.fcl,standard_cafmaker_atmos_dune10kt_1x2x6_geov5.yaml,fdhd_he_2026a_caf,usertests:fardet-hd-reco-ritm2749296_15370-fnal-w15370s1p1
usertests,TEST_hd_atmos_v6,900,,pass1,,,,,,0.0,0,0.0,?,v10_20_03d01,980,1213.689,5,standard_cafmaker_atmos_dune10kt_1x2x6_geov5.fcl,standard_cafmaker_atmos_dune10kt_1x2x6_geov5.yaml,fdhd_he_2026a_caf,usertests:fardet-hd-reco-ritm2749296_15370-fnal-w15370s1p1
usertests,TEST_hd_atmos_v6,905,,pass1,,,,,,0.0,0,0.0,?,v10_20_03d01,980,1213.689,5,standard_cafmaker_atmos_dune10kt_1x2x6_geov5.fcl,standard_cafmaker_atmos_dune10kt_1x2x6_geov5.yaml,fdhd_he_2026a_caf,usertests:fardet-hd-reco-ritm2749296_15370-fnal-w15370s1p1
usertests,TEST_hd_atmos_v6,910,,pass1,,,,,,0.0,0,0.0,?,v10_20_03d01,980,1213.689,5,standard_cafmaker_atmos_dune10kt_1x2x6_geov5.fcl,standard_cafmaker_atmos_dune10kt_1x2x6_geov5.yaml,fdhd_he_2026a_caf,usertests:fardet-hd-reco-ritm2749296_15370-fnal-w15370s1p1
usertests,TEST_hd_atmos_v6,915,,pass1,,,,,,0.0,0,0.0,?,v10_20_03d01,980,1213.689,5,standard_cafmaker_atmos_dune10kt_1x2x6_geov5.fcl,standard_cafmaker_atmos_dune10kt_1x2x6_geov5.yaml,fdhd_he_2026a_caf,usertests:fardet-hd-reco-ritm2749296_15370-fnal-w15370s1p1
usertests,TEST_hd_atmos_v6,920,,pass1,,,,,,0.0,0,0.0,?,v10_20_03d01,980,1213.689,5,standard_cafmaker_atmos_dune10kt_1x2x6_geov5.fcl,standard_cafmaker_atmos_dune10kt_1x2x6_geov5.yaml,fdhd_he_2026a_caf,usertests:fardet-hd-reco-ritm2749296_15370-fnal-w15370s1p1
usertests,TEST_hd_atmos_v6,925,,pass1,,,,,,0.0,0,0.0,?,v10_20_03d01,980,1213.689,5,standard_cafmaker_atmos_dune10kt_1x2x6_geov5.fcl,standard_cafmaker_atmos_dune10kt_1x2x6_geov5.yaml,fdhd_he_2026a_caf,usertests:fardet-hd-reco-ritm2749296_15370-fnal-w15370s1p1
usertests,TEST_hd_atmos_v6,930,,pass1,,,,,,0.0,0,0.0,?,v10_20_03d01,980,1213.689,5,standard_cafmaker_atmos_dune10kt_1x2x6_geov5.fcl,standard_cafmaker_atmos_dune10kt_1x2x6_geov5.yaml,fdhd_he_2026a_caf,usertests:fardet-hd-reco-ritm2749296_15370-fnal-w15370s1p1
usertests,TEST_hd_atmos_v6,935,,pass1,,,,,,0.0,0,0.0,?,v10_20_03d01,980,1213.689,5,standard_cafmaker_atmos_dune10kt_1x2x6_geov5.fcl,standard_cafmaker_atmos_dune10kt_1x2x6_geov5.yaml,fdhd_he_2026a_caf,usertests:fardet-hd-reco-ritm2749296_15370-fnal-w15370s1p1
usertests,TEST_hd_atmos_v6,940,,pass1,,,,,,0.0,0,0.0,?,v10_20_03d01,980,1213.689,5,standard_cafmaker_atmos_dune10kt_1x2x6_geov5.fcl,standard_cafmaker_atmos_dune10kt_1x2x6_geov5.yaml,fdhd_he_2026a_caf,usertests:fardet-hd-reco-ritm2749296_15370-fnal-w15370s1p1
usertests,TEST_hd_atmos_v6,945,,pass1,,,,,,0.0,0,0.0,?,v10_20_03d01,980,1213.689,5,standard_cafmaker_atmos_dune10kt_1x2x6_geov5.fcl,standard_cafmaker_atmos_dune10kt_1x2x6_geov5.yaml,fdhd_he_2026a_caf,usertests:fardet-hd-reco-ritm2749296_15370-fnal-w15370s1p1
usertests,TEST_hd_atmos_v6,950,,pass1,,,,,,0.0,0,0.0,?,v10_20_03d01,980,1213.689,5,standard_cafmaker_atmos_dune10kt_1x2x6_geov5.fcl,standard_cafmaker_atmos_dune10kt_1x2x6_geov5.yaml,fdhd_he_2026a_caf,usertests:fardet-hd-reco-ritm2749296_15370-fnal-w15370s1p1
usertests,TEST_hd_atmos_v6,955,,pass1,,,,,,0.0,0,0.0,?,v10_20_03d01,980,1213.689,5,standard_cafmaker_atmos_dune10kt_1x2x6_geov5.fcl,standard_cafmaker_atmos_dune10kt_1x2x6_geov5.yaml,fdhd_he_2026a_caf,usertests:fardet-hd-reco-ritm2749296_15370-fnal-w15370s1p1
usertests,TEST_hd_atmos_v6,960,,pass1,,,,,,0.0,0,0.0,?,v10_20_03d01,980,1213.689,5,standard_cafmaker_atmos_dune10kt_1x2x6_geov5.fcl,standard_cafmaker_atmos_dune10kt_1x2x6_geov5.yaml,fdhd_he_2026a_caf,usertests:fardet-hd-reco-ritm2749296_15370-fnal-w15370s1p1
usertests,TEST_hd_atmos_v6,965,,pass1,,,,,,0.0,0,0.0,?,v10_20_03d01,980,1213.689,5,standard_cafmaker_atmos_dune10kt_1x2x6_geov5.fcl,standard_cafmaker_atmos_dune10kt_1x2x6_geov5.yaml,fdhd_he_2026a_caf,usertests:fardet-hd-reco-ritm2749296_15370-fnal-w15370s1p1
usertests,TEST_hd_atmos_v6,970,,pass1,,,,,,0.0,0,0.0,?,v10_20_03d01,980,1213.689,5,standard_cafmaker_atmos_dune10kt_1x2x6_geov5.fcl,standard_cafmaker_atmos_dune10kt_1x2x6_geov5.yaml,fdhd_he_2026a_caf,usertests:fardet-hd-reco-ritm2749296_15370-fnal-w15370s1p1
usertests,TEST_hd_atmos_v6,975,,pass1,,,,,,0.0,0,0.0,?,v10_20_03d01,980,1213.689,5,standard_cafmaker_atmos_dune10kt_1x2x6_geov5.fcl,standard_cafmaker_atmos_dune10kt_1x2x6_geov5.yaml,fdhd_he_2026a_caf,usertests:fardet-hd-reco-ritm2749296_15370-fnal-w15370s1p1
